﻿<parameters>
  <parameter name="IIS Web Application Name" defaultValue="Default Web Site/CABManagementAPICall_deploy" tags="IisApp">
    <parameterEntry kind="ProviderPath" scope="IisApp" match="^C:\\Users\\user\\documents\\visual\ studio\ 2012\\Projects\\CABManagementAPICall\\CABManagementAPICall\\obj\\Release\\Package\\PackageTmp$" />
    <parameterEntry kind="ProviderPath" scope="setAcl" match="^C:\\Users\\user\\documents\\visual\ studio\ 2012\\Projects\\CABManagementAPICall\\CABManagementAPICall\\obj\\Release\\Package\\PackageTmp$" />
  </parameter>
  <parameter name="cabmanagementEntities-Web.config Connection String" defaultValue="metadata=res://*/Models.CABEntities.csdl|res://*/Models.CABEntities.ssdl|res://*/Models.CABEntities.msl;provider=System.Data.SqlClient;provider connection string=&quot;data source=cabmanagement.mssql.somee.com;initial catalog=cabmanagement;persist security info=True;user id=vispharaon;password=cabbazapodataka;MultipleActiveResultSets=True;App=EntityFramework&quot;">
    <parameterEntry kind="XmlFile" scope="C:\\Users\\user\\documents\\visual\ studio\ 2012\\Projects\\CABManagementAPICall\\CABManagementAPICall\\obj\\Release\\Package\\PackageTmp\\Web\.config$" match="/configuration/connectionStrings/add[@name='cabmanagementEntities']/@connectionString" />
  </parameter>
  <parameter name="DefaultConnection-Web.config Connection String" description="DefaultConnection Connection String used in web.config by the application to access the database." defaultValue="Data Source=(LocalDb)\v11.0;Initial Catalog=aspnet-CABManagementAPICall-20150413140953;Integrated Security=SSPI;AttachDBFilename=|DataDirectory|\aspnet-CABManagementAPICall-20150413140953.mdf" tags="SqlConnectionString">
    <parameterEntry kind="XmlFile" scope="C:\\Users\\user\\documents\\visual\ studio\ 2012\\Projects\\CABManagementAPICall\\CABManagementAPICall\\obj\\Release\\Package\\PackageTmp\\Web\.config$" match="/configuration/connectionStrings/add[@name='DefaultConnection']/@connectionString" />
  </parameter>
  <parameter name="cabmanagementEntities1-Web.config Connection String" description="cabmanagementEntities1 Connection String used in web.config by the application to access the database." defaultValue="metadata=res://*/Models.Stan.csdl|res://*/Models.Stan.ssdl|res://*/Models.Stan.msl;provider=System.Data.SqlClient;provider connection string=&quot;data source=cabmanagement.mssql.somee.com;initial catalog=cabmanagement;persist security info=True;user id=vispharaon;password=cabbazapodataka;multipleactiveresultsets=True;application name=EntityFramework&quot;" tags="SqlConnectionString">
    <parameterEntry kind="XmlFile" scope="C:\\Users\\user\\documents\\visual\ studio\ 2012\\Projects\\CABManagementAPICall\\CABManagementAPICall\\obj\\Release\\Package\\PackageTmp\\Web\.config$" match="/configuration/connectionStrings/add[@name='cabmanagementEntities1']/@connectionString" />
  </parameter>
</parameters>